{
    "root_group": {
        "checks": {
            "status es 200": {
                "fails": 0,
                "name": "status es 200",
                "path": "::status es 200",
                "id": "c8f562f01bcdf8f7be8c15f6ad60295d",
                "passes": 47181
            }
        },
        "name": "",
        "path": "",
        "id": "d41d8cd98f00b204e9800998ecf8427e",
        "groups": {}
    },
    "metrics": {
        "http_req_waiting": {
            "avg": 123.08905229011678,
            "min": 0,
            "med": 107.616,
            "max": 6802.0985,
            "p(90)": 198.81385000000003,
            "p(95)": 288.0319849999999
        },
        "http_req_blocked": {
            "avg": 13.256391570759407,
            "min": 0,
            "med": 0,
            "max": 15008.7131,
            "p(90)": 0,
            "p(95)": 0
        },
        "http_req_sending": {
            "p(90)": 1.006,
            "p(95)": 1.0272949999999998,
            "avg": 1.1330211811958122,
            "min": 0,
            "med": 0,
            "max": 2802.0197
        },
        "vus_max": {
            "value": 235,
            "min": 27,
            "max": 235
        },
        "http_req_tls_handshaking": {
            "avg": 4.074808014878871,
            "min": 0,
            "med": 0,
            "max": 11889.4401,
            "p(90)": 0,
            "p(95)": 0
        },
        "http_req_duration{expected_response:true}": {
            "avg": 130.22633523558153,
            "min": 9.9227,
            "med": 109.25605,
            "max": 7501.6475,
            "p(90)": 208.3637,
            "p(95)": 305.02193
        },
        "http_req_failed": {
            "passes": 0,
            "fails": 94362,
            "value": 0
        },
        "vus": {
            "value": 0,
            "min": 0,
            "max": 234
        },
        "tiempo_transaccion": {
            "avg": 191.7346522392476,
            "min": 95.5615,
            "med": 125.7135,
            "max": 7501.6475,
            "p(90)": 256.924,
            "p(95)": 365.5818
        },
        "iterations": {
            "count": 47181,
            "rate": 130.7183254554345
        },
        "data_received": {
            "count": 172720215,
            "rate": 478533.6740870821
        },
        "http_req_duration": {
            "med": 109.25605,
            "max": 7501.6475,
            "p(90)": 208.3637,
            "p(95)": 305.02193,
            "avg": 130.22633523558153,
            "min": 9.9227,
            "thresholds": {
                "p(95)<9000": false
            }
        },
        "tasa_error": {
            "passes": 0,
            "fails": 47181,
            "thresholds": {
                "rate<0.05": false
            },
            "value": 0
        },
        "http_reqs": {
            "count": 94362,
            "rate": 261.436650910869
        },
        "http_req_connecting": {
            "avg": 2.4967434496937306,
            "min": 0,
            "med": 0,
            "max": 3357.7192,
            "p(90)": 0,
            "p(95)": 0
        },
        "checks": {
            "passes": 47181,
            "fails": 0,
            "value": 1
        },
        "dropped_iterations": {
            "count": 2618,
            "rate": 7.2533557161214794
        },
        "iteration_duration": {
            "med": 164.154,
            "max": 18505.5767,
            "p(90)": 414.4888,
            "p(95)": 794.0613,
            "avg": 294.62145961510123,
            "min": 109.7144
        },
        "data_sent": {
            "count": 4505168,
            "rate": 12481.88925320381
        },
        "http_req_receiving": {
            "avg": 6.004261764269506,
            "min": 0,
            "med": 0.5183,
            "max": 5764.6264,
            "p(90)": 3.0053900000000007,
            "p(95)": 7.519014999999995
        }
    }
}