{
    "metrics": {
        "http_req_receiving": {
            "p(95)": 2.0022,
            "avg": 1.312543548387097,
            "min": 0,
            "med": 0,
            "max": 55.6526,
            "p(90)": 1.0092400000000001
        },
        "checks": {
            "fails": 0,
            "passes": 310,
            "value": 1
        },
        "data_sent": {
            "count": 24055,
            "rate": 770.6675775975589
        },
        "iteration_duration": {
            "med": 1184.0658,
            "max": 13413.7655,
            "p(90)": 1381.43758,
            "p(95)": 13162.8542,
            "avg": 1993.464301935484,
            "min": 1122.0641
        },
        "http_reqs": {
            "count": 310,
            "rate": 9.931696073799346
        },
        "http_req_connecting": {
            "max": 227.6156,
            "p(90)": 0,
            "p(95)": 53.783375000000085,
            "avg": 6.384148709677418,
            "min": 0,
            "med": 0
        },
        "http_req_waiting": {
            "avg": 93.17577161290319,
            "min": 3.8037,
            "med": 105.0769,
            "max": 634.302,
            "p(90)": 170.74546,
            "p(95)": 199.91852000000011
        },
        "http_req_blocked": {
            "p(95)": 1239.58434,
            "avg": 374.36741193548386,
            "min": 0,
            "med": 0,
            "max": 10601.6441,
            "p(90)": 0
        },
        "http_req_duration": {
            "p(90)": 177.68216,
            "p(95)": 211.05788000000004,
            "avg": 99.45374419354845,
            "min": 10.5442,
            "med": 106.7652,
            "max": 1059.3404,
            "thresholds": {
                "p(95)<2000": false
            }
        },
        "data_received": {
            "count": 648327,
            "rate": 20770.924904639058
        },
        "http_req_duration{expected_response:true}": {
            "p(90)": 177.68216,
            "p(95)": 211.05788000000004,
            "avg": 99.45374419354845,
            "min": 10.5442,
            "med": 106.7652,
            "max": 1059.3404
        },
        "http_req_tls_handshaking": {
            "avg": 228.64784193548385,
            "min": 0,
            "med": 0,
            "max": 7182.4299,
            "p(90)": 0,
            "p(95)": 149.40810000000008
        },
        "iterations": {
            "count": 155,
            "rate": 4.965848036899673
        },
        "http_req_sending": {
            "max": 701.5517,
            "p(90)": 1.092520000000001,
            "p(95)": 2.232675000000002,
            "avg": 4.965429032258065,
            "min": 0,
            "med": 0.58295
        },
        "http_req_failed": {
            "passes": 0,
            "fails": 310,
            "thresholds": {
                "rate<0.01": false
            },
            "value": 0
        },
        "vus_max": {
            "min": 10,
            "max": 10,
            "value": 10
        },
        "vus": {
            "value": 10,
            "min": 10,
            "max": 10
        }
    },
    "root_group": {
        "path": "",
        "id": "d41d8cd98f00b204e9800998ecf8427e",
        "groups": {},
        "checks": {
                "status 200": {
                    "name": "status 200",
                    "path": "::status 200",
                    "id": "fad9fa412b86fcb03bee97c80dcd61f1",
                    "passes": 155,
                    "fails": 0
                },
                "cuerpo no vacío": {
                    "fails": 0,
                    "name": "cuerpo no vacío",
                    "path": "::cuerpo no vacío",
                    "id": "84689ebc64c31e5f2d48db3ea60393eb",
                    "passes": 155
                }
            },
        "name": ""
    }
}